{
    "bridge": {
        "name": "Homebridge B3EA",
        "username": "8C:86:FC:E3:B5:60",
        "port": 51203,
        "pin": "513-20-246"
    },
    "accessories": [
        {
            "type": "switch",
            "name": "Relay 1",
            "url": "http://localhost:1883",
            "topics": {
                "getOn": "stat/relay1/POWER",
                "setOn": "cmnd/relay1/POWER"
            },
              "accessory": "mqttthing"
        },
        {
            "type": "switch",
            "name": "Relay 2",
            "topics": {
                "getOn": "relay2status",
                "setOn": "relay2pwr"
            },
            "accessory": "mqttthing"
        },
        {
            "type": "switch",
            "name": "Relay 3",
            "topics": {
                "getOn": "relay3status",
                "setOn": "relay3pwr"
            },
            "accessory": "mqttthing"
        },
        {
            "type": "switch",
            "name": "Relay 4",
            "logMqtt": false,
            "topics": {
                "getOn": "relay4status",
                "setOn": "relay4pwr"
            },
            "accessory": "mqttthing"
        },
        {
            "type": "switch",
            "name": "Relay 5",
            "topics": {
                "getOn": "relay5status",
                "setOn": "relay5pwr"
            },
            "accessory": "mqttthing"
        },
        {
            "type": "switch",
            "name": "Relay 6",
            "topics": {
                "getOn": "relay6status",
                "setOn": "relay6pwr"
            },
            "accessory": "mqttthing"
        },
        {
            "type": "switch",
            "name": "Relay 7",
            "topics": {
                "getOn": "relay7status",
                "setOn": "relay7pwr"
            },
            "accessory": "mqttthing"
        },
        {
            "type": "switch",
            "name": "Relay 8",
            "topics": {
                "getOn": "relay8status",
                "setOn": "relay8pwr"
            },
            "accessory": "mqttthing"
        },
        {
            "type": "switch",
            "name": "Relay 9",
            "topics": {
                "getOn": "relay9status",
                "setOn": "relay9pwr"
            },
            "accessory": "mqttthing"
        },
        {
            "type": "switch",
            "name": "Relay 10",
            "topics": {
                "getOn": "relay10status",
                "setOn": "relay10pwr"
            },
            "accessory": "mqttthing"
        },
        {
            "type": "temperatureSensor",
            "name": "Temperature 1",
            "topics": {
                "getCurrentTemperature": "temperature1"
            },
            "accessory": "mqttthing"
        },
        {
            "type": "temperatureSensor",
            "name": "Temperature 2",
            "topics": {
                "getCurrentTemperature": "temparature2"
            },
            "accessory": "mqttthing"
        },
        {
            "type": "temperatureSensor",
            "name": "Temperature 3",
            "topics": {
                "getCurrentTemperature": "temparature3"
            },
            "accessory": "mqttthing"
        },
        {
            "type": "temperatureSensor",
            "name": "Temperature 4",
            "topics": {
                "getCurrentTemperature": "temparature4"
            },
            "accessory": "mqttthing"
        },
        {
            "type": "outlet",
            "name": "Battery",
            "topics": {
                "getWatts": "batterywatts",
                "getVolts": "batteryvolts",
                "getAmperes": "batteryamperes",
                "getTotalConsumption": "batteryconsumption",
                "getInUse": "batteryusage",
                "getOn": "batterystatus"
            },
            "accessory": "mqttthing"
        }
    ],
    "platforms": [
        {
            "name": "Config",
            "port": 8581,
            "platform": "config"
        }
    ]
}
